{"cameraMode":{"drawMode":0,"name":"Shaded","section":"Shading Mode"},"sceneLighting":true,"audioPlay":false,"sceneViewState":{"showFog":true,"showMaterialUpdate":false,"showSkybox":true,"showFlares":true,"showImageEffects":true,"showParticleSystems":true},"in2DMode":false,"pivot":{"x":413.48504638671877,"y":83.57516479492188,"z":11.719772338867188},"rotation":{"x":-0.11233216524124146,"y":0.06463812291622162,"z":-0.007322889752686024,"w":-0.9915416240692139},"size":243.2073211669922,"orthographic":false}