{"cameraMode":{"drawMode":0,"name":"Shaded","section":"Shading Mode"},"sceneLighting":false,"audioPlay":false,"sceneViewState":{"showFog":true,"showMaterialUpdate":false,"showSkybox":true,"showFlares":true,"showImageEffects":true,"showParticleSystems":true},"in2DMode":false,"pivot":{"x":-37.497039794921878,"y":-16.105192184448243,"z":-15.368871688842774},"rotation":{"x":-0.11558620631694794,"y":0.8092164993286133,"z":-0.1699429154396057,"w":-0.5503889322280884},"size":44.797691345214847,"orthographic":false}